{"cameraMode":{"drawMode":0,"name":"Shaded","section":"Shading Mode"},"sceneLighting":true,"audioPlay":false,"sceneViewState":{"m_AlwaysRefresh":false,"showFog":true,"showSkybox":true,"showFlares":true,"showImageEffects":true,"showParticleSystems":true,"showVisualEffectGraphs":true,"m_FxEnabled":true},"in2DMode":false,"pivot":{"x":-0.5578256249427795,"y":-15.79127311706543,"z":39.692691802978519},"rotation":{"x":-0.20114260911941529,"y":0.0020835180766880514,"z":-0.0004583321569953114,"w":-0.979636013507843},"size":25.851341247558595,"orthographic":false}